<?xml version="1.0" encoding="UTF-8" standalone="yes"?>
<channel>
    <id>youtube</id>
    <name>Ricerca su Youtube</name>
    <language>it</language>
    <update_url></update_url>
    <active>true</active>
    <include_in_global_search>true</include_in_global_search>
    <version>1</version>
    <adult>false</version>
    <date>03/09/2015</date>
    <changes>Prima versione di Pelisalacarta 4</changes>
    <categories>
        <category>movie</category>
        <category>anime</category>
        <category>documentaries</category>
        <category>series</category>		
    </categories>
</channel>
