<?xml version="1.0" encoding="UTF-8" standalone="yes"?>
<addon id="plugin.video.italyalacarta"
    name="italyalacarta"
    version="1.0.0"
    provider-name="zanzibar82,dentaku65,DrZ3r0,fenice82-BIG thx:robalo,jesus">
  <requires>
    <import addon="xbmc.python" version="2.1.0"/>
  </requires>
  <extension point="xbmc.python.pluginsource" library="default.py">
    <provides>video</provides>
  </extension>
  <extension point="xbmc.addon.metadata">
    <summary lang="en">Film e Serie TV on demand</summary>
    <description lang="en">Versione di Pelialacarta solo canali italiani</description>
    <disclaimer lang="en">Forum: http://yep.it/forumita</disclaimer>
    <platform>all</platform>
  </extension>
  <extension point="xbmc.service" library="library_service.py" start="login|startup">
  </extension>
</addon>
