<?xml version="1.0" encoding="UTF-8" standalone="yes"?>
<addon id="plugin.video.pelisalacarta-ui"
    name="Pelisalacarta PureITA"
    version="4.0.3"
    provider-name="tvalacarta">
  <requires>
    <import addon="xbmc.python" version="2.1.0"/>
  </requires>
  <extension point="xbmc.python.script" library="default.py" >
    <provides>video</provides>
  </extension>
  <extension point="xbmc.addon.metadata">
    <summary lang="es">Películas y series a la carta</summary>
    <description lang="es">Películas, series, documentales, anime, ... todo lo que puedas encontrar en Internet ahora desde tu media center.</description>
    <summary lang="en">Movies and TV Shows on demand</summary>
    <description lang="en">Movies, Series, Documentaries, Anime, ... everything you can find on Internet now on your media center.</description>
    <summary lang="it">Film e serie tv on demand</summary>
    <description lang="it">Cinema, serie tv, documentari, anime, ... tutto ciò che puoi trovare su Internet in streaming ora è sul tuo media center.</description>
    <platform>all</platform>
  </extension>
  <extension point="xbmc.service" library="library_service.py" start="login|startup">
  </extension>
</addon>
